{"cameraMode":{"drawMode":0,"name":"Shaded","section":"Shading Mode"},"sceneLighting":true,"audioPlay":false,"sceneViewState":{"m_AlwaysRefresh":false,"showFog":true,"showSkybox":true,"showFlares":true,"showImageEffects":true,"showParticleSystems":true,"showVisualEffectGraphs":true,"m_FxEnabled":true},"in2DMode":false,"pivot":{"x":-113.61149597167969,"y":44.87379837036133,"z":50.19122314453125},"rotation":{"x":0.35510268807411196,"y":-0.03754803538322449,"z":0.014289206825196743,"w":0.9340342879295349},"size":64.80916595458985,"orthographic":false}